id,nome,cliente,diretor,categoria,produtoraContratante,agencia,creditos,is_service,slug,date,thumbnail,video_url,showable,createdAt,updatedAt
02c98770-81c0-4301-bd31-99c119310501,Divinas,Vitoria de Mello Franco,Vitoria de Mello Franco,Conteudo,Cosmo Cine,Nowness,"Director: Vitoria de Mello Franco, Director of Photography Vinicius Brum , Executive Producer: Raphael Vieira 
",false,divinas,2019-01-14 00:00:00,https://i.vimeocdn.com/video/752047517-e3fdbb8f89fc2baf1e5793a71dd335ef114e20a8149f022d501c467b6f18a301-d_640?region=us,https://vimeo.com/311270162,true,2025-08-11 19:42:23.911,2025-08-11 19:42:23.911
0511e77c-6ec0-42ce-9d74-b97d49d9f9d3,Na Cara do Gol,Uber,N/A,Publicidade,Cosmo Cine,,,true,na-cara-do-gol,2018-06-14 00:00:00,https://i.vimeocdn.com/video/707325415-9b665a1f1cb9c082c092903115e77292bac02a572e11440a74dbc8a7c00260dd-d_640?region=us,https://vimeo.com/275117863,true,2025-08-11 07:54:20.11,2025-08-11 07:54:20.11
0b810dda-ff3b-4f89-aef9-66fbc222e06f,Throw Some Ass,Sofi Tukker,Aerin Moreno,Clipe,Cosmo Cine,Scheme Engine,"Director: Aerin Moreno, Creative Director: Kunna Haan, Management: Justina Heckard & Neil Harris, Executive Producer (USA): Sheira Rees-Davies, Head of Production: James Rothman, Producer (USA): Brian Sean Mcelroy, Producers (Brazil): Rafael Marques Thomaseto & Helena Sardinha, Director of Photography: Russ Fraser, Executive Producer: Bernardo Portella, Creative Producer: Tadeu Bijos, 1st Assistant Director: Juliana Mansur, 2nd Assistant Director: Gabriela Scardini, Line Producer: Guilherme Meirelles, Production Assistant / Chaperone: Lucas Beaubernard, 1st Assistant Camera / Focus Puller: André Andrade, 2nd Assistant Camera: João Gabriel Torgano Brito, Steadicam Operator: Fernando Arruzzo, Gaffer: Raphael Santana, Grip: Thales De Deus, Production Designer: Nathalia Siqueira, Drone Operators: “Tasca” Roberto Carlo Enrique Tascheri D’Ausilio, Emerson de Carvalho Guimarães, Graphic Designer: Bruna Lucena, Make-up Artist: Andressa Pontes, Hair Stylist: Dany Ribeiro, Sofi Tukker Stylist: Anastasia Walker, Sofi Tukker Stylist Assistants: Kathleen Pedro, Douglas Wright, Jewelry: Paola Vilas, Stylist: Antonio Schuback, Stylist Assistants: Alice Calzolari, Moema Fonseca, Editor: Aerin Moreno, Post Producer: Brian Sean Mcelroy, Colorist: Matt Osborne (Co3), Choreographer / Movement Director: Victorya Gabrielle Oliveira Magalhães, Cast:
“Leskill” – Leandro Gomes Rodrigues,
“Margot” – Mariah de Castro Arco e Flexa,
Lia Cará,
“Marzinho” – Adryana Barbosa de Moraes,
Augusto Follmann,
“Lagarthixaa” – Thiago Nunes de Albuquerque,
Cacau Nascimento,
Carlos Viegas,
Clara Lopes,
Hiltinho Fantástico,
“Celamar” – Marcela Silva Santos da Cruz,
“Morgana” -Thaysa Ferreira de Souza da Silva Dias,
Laissy Tavares,
Duly Omega,",true,throw-some-ass,2024-05-03 00:00:00,https://i.vimeocdn.com/video/2013621445-07ccf867d18b174770422f63c572b6d53546dfcd38f1895d8520d51435c3dbf0-d_295x166?region=us,https://vimeo.com/1082601305,true,2025-08-11 20:13:24.336,2025-08-11 20:13:24.336
0bc33271-f5df-4fa2-b09f-18031f7ff27d,Lá,Santander,N/A,Publicidade,Cosmo Cine,,,true,la,2018-08-16 00:00:00,https://i.vimeocdn.com/video/719797359-cadffc1fa1ac37fb6f82a53eee17dc8667a3af0a1d3c852dfba53a56939a656a-d_640?region=us,https://vimeo.com/285179083,true,2025-08-11 08:05:21.688,2025-08-11 08:05:21.688
0efb729e-8a80-448f-a38e-9feb16cafd20,Devagarinho,Gilsons & Mariana Volker,Pedro Alvarenga,Clipe,Cosmo Cine,,"Director: Pedro Alvarenga, Writer: Pedro Alvarenga, Cast: Natasha Jascalevich, Vyctórya Devin, Narration: Fernanda Montenegro, Director of Photography: Bernardo Negri, Editor: João Sucupira, Compositing / VFX: Pedro Araujo, Colorist: André Andrade, Assistant Editor: Pedro Cortes, Post-Production Coordinator: João Sucupira, Art Director & Costume Designer: Luiza Mitidieri, Make-up Artists: Jorge Monteiro, Andressa Pontes, Associate Producer: Francisco Gil, Production Coordinator: Guilherme Meirelles, Producer: Simon Jochemczyk, Bia Torres, Steadicam Operator: Bernardo Negri, 1st Assistant Camera: André Andrade, 2nd Assistant Camera: Fernando Dom, Key Grip: Thales de Deus, Sound Design: Day Out of Time, Lettering: Pedro Caldas, Juliana Cruz, Catering: Cafuné",true,devagarinho,2020-09-22 00:00:00,https://i.vimeocdn.com/video/962293398-11e09ffc8626cff1f83969d303e60a49db83d0a40f44cb9a642ad17e01c10832-d_295x166?region=us,https://vimeo.com/460617116,true,2025-08-11 22:29:33.963,2025-08-11 22:29:33.963
108f7f92-2710-4472-bfcf-fff4d3b44b36,Onde O Vento Levar,E-Group,Bernardo Sá Carvalho,Conteudo,Cosmo Cine,,"Director: Bernardo Sá Carvalho; Cinematographer: Bernardo Negri; Words: Bernardo Sá Carvalho, Maurício Baia; Screenplay: Marcos Dalpozzo; Featurings: Morgana Massetti, Pedro Massetti Dalpozzo, Reno Romeu, Carla Lima, Marco Dalpozzo; Soundtrack & Sound Design: Studio Fino, Colourist João Sucupira; Production: Jalila Paulino, Nelson Paura; Design & Art: Studio Peixe",false,onde-o-vento-levar,2017-04-12 00:00:00,https://i.vimeocdn.com/video/629098988-f501f4ef4d6cac69e4cbdc6343cecc588449977ae1b95e3662fcb6cea74e4696-d_640?region=us,https://vimeo.com/212972021,true,2025-08-11 06:53:02.061,2025-08-11 06:53:02.061
19e1e495-a406-4366-b899-ead207e04d2c,Two By Four,Daniel Venosa & Andrew Livingston,Daniel Venosa & Andrew Livingston,Conteudo,Cosmo Cine,,"Directors:
Daniel Venosa,
Andrew Livingston, Editor:
Chris Rogers, Featuring: Brian Mitchell",false,two-by-four,2020-10-13 00:00:00,https://i.vimeocdn.com/video/974426809-13863a3e450ffcd8fe4f64973ac82d3c4e8f38c771952642893ee1049311a226-d_200x150?region=us,https://vimeo.com/467764469,true,2025-08-11 22:15:44.542,2025-08-11 22:15:44.542
1b2df541-fdaa-467c-9635-e598c5a9cace,A Cozinha,Johnny Massaro,Johnny Massaro,Conteudo,Cosmo Cine,,"Director: Johnny Massaro, Writer: Felipe Haiut

, Cinematographer: Diego Robaldo, Editor: Marina Kosa
, Casting Director: Raoni Seixas
, Art Director: Rodrigo Saraiva, Dialogue Editor / Sound Effects Editor: Acácia Lima, Sound Mixer: Gustavo Ruggeri, Camera and Electrical Department:
2nd Assistant Camera: Julia Lacerda
Gaffer: Walerio Rosa, Post-Production Coordinator: Eduardo Pires de Vasconcelos, Post-Production Supervisor: Luiz Méliga",true,a-cozinha,2023-08-11 00:00:00,https://i.vimeocdn.com/video/1636473676-b2f6ba62765d8b8912548f5b4b540c70a974448c03e371751d0bafdd81e9b0fa-d_295x166?region=us,https://vimeo.com/809807873,true,2025-08-11 21:17:13.598,2025-08-11 21:17:13.598
1e00d3c6-3f0c-414f-b574-9b3ddd3c04c9,Pagando,Skol,N/A,Publicidade,Cosmo Cine,,,true,pagando,2019-03-28 00:00:00,https://i.vimeocdn.com/video/771256463-ced70efe8c36c6f9c92138bf4e101312abc44d1987fc1a74ccf4bafb7a7b1886-d_640?region=us,https://vimeo.com/327071629,true,2025-08-11 23:20:18.994,2025-08-11 23:20:18.994
26557d39-3708-401d-9274-5ab3fbe9a969,Mahmundi,Imagem,Artur Miranda,Clipe,Cosmo Cine,Universal,"Director: Artur Miranda; Creative Directors: Eduardo Magalhães & Hugo Braga; Concept: Eduardo Magalhães, Hugo Braga & Artur Miranda; Editing: Artur Miranda, Hugo Braga & Eduardo Magalhães; Director of Photography: Daniel Venosa; Producers: Guilherme “Bolo” & Bernardo Portella; Art Directors: Nícolas Martins & Vinicius Mesquita; Lettering & Motion Graphics: Relâmpago; Props: Welber Caetano, Gilberto & Márcio Xavier; Color Grading: Hebert Marmo; Costume Designers: Hugo Braga & Larissa Silveira; Casting: Thiago Monçores; Makeup: Jorge Henrique Monteiro & Marcia Alves; Production Assistants: Alexandre Lessa, Luiz Henrique Lins Campos & Rômulo Gil; Steadicam Operator: Dudu Mafra Lino; Camera Assistants: Fernando Macedo, Lucas Bobst & Pedro Campos; Electricians: Raphael Santanna, Lucas Stirling & William Gomes; Grips: Nil & Ronald Monte; Driver: Reinaldo Borges; Special Thanks: Baile Charme de Madureira – Dutão, Void Madu, SuperVia & Chico Tadeu; Cast: Agatha Alves, Ana Paula Silva, Clara Rodrigues, Fhelipe Marques, Gabriela Andy, Pedro Henrique Brum & André Henrique",true,mahmundi,2017-07-10 00:00:00,https://i.vimeocdn.com/video/644132381-1bf182004ae4dbc49a322e2f0ad2d4421043fbb37407acd3de66a374fe000e9f-d_640?region=us,https://vimeo.com/224956641,true,2025-08-11 07:23:25.548,2025-08-11 07:23:25.548
28c44792-3505-4801-998d-f0e223cef921,Listen To The Ocean,Corona,N/A,Publicidade,Cosmo Cine,,,true,listen-to-the-ocean,2019-08-19 00:00:00,https://i.vimeocdn.com/video/807586545-688bf12259952241f1187236e65eb097d2ab20df657908bbd15364003da494fb-d_295x166?region=us,https://vimeo.com/354697842,true,2025-08-11 22:55:22.983,2025-08-11 22:55:22.983
2a5d0c21-6743-4ea5-abde-3d53804f239f,Premiere,Flamengo,Apache,Publicidade,Cosmo Cine,NBS,"Producers: Bernardo Portella & Guilherme Meirelles, Director of Photography: Daniel Venosa, Art Director: Laura Landau, Costume Designer: Bruna Viegas, Assistant Director: Isabela Saboia, Voice Over: Eduardo Muniz, Sound: Akira Band, Gaffer: Raphael Santana, Set Assistant: Ceará, Grip: Nil",true,premiere,2017-07-23 00:00:00,https://i.vimeocdn.com/video/687197989-dea2aa7d15fedb52d89d5df355b053f37ba562e67e349f5994b97b61d041e25e-d_640?region=us,https://vimeo.com/222881257,true,2025-08-11 07:11:29.179,2025-08-11 07:11:29.179
2ae20f21-2201-4e98-b147-9e96c478ac30,Calor Do Momento,Os Garotin,Daniel Venosa,Clipe,Cosmo Cine,,"Director: Daniel Venosa, 1st Assistant Director: Antonio Arraes, Executive Producer: Bernardo Portella, Production Director: Guilherme Bolo, Production Assistants: Bernardo Berriel, Victor Canthé & Bernardo Telles, Set Manager: Bernardo Berriel Netto, Production Intern: Camile Sellos, Director of Photography: Daniel Venosa, 1st Assistant Camera: André Andrade, 2nd Assistant Camera: João Kibe, Steadicam Operator: Fernando Dom, Camera Operator: Gabriel Moska, Logger: Lucas Pará, Video Assist: Izabela Nascimento Pereira, Editor: João Sucupira, Colorist: André Andrade, Sound Technician: Vini Machado, Sound Assistant / Roadie: Lucas Campello, Gaffer: Rapha Santana, Assistant Electricians: Robert Wagner & Thiago Henrique, Electrician’s Assistant: João Pedro Maciel, Moving Lights Programmer: Gabriel Pietro, Moving Lights Operator: Rodrigo Belay, Key Grip: William Drengue, Grip Assistants: Michel da Silva Miguel, Wesly Renato Queiroz & Carlos Alberto Botelho, Art Producer: Paola Garcia, Costume Designer: Roberta Campos, Costume Assistants: Fabiana Pernambuco dos Santos & Mariana Santos Silva, Make-up Artist: Dani Leone, Machinery + Electrical Truck: Sandro, Set Van: Waguinho, Camera Van: Bruno Campos Barros, Crew Van: Mauricio Araujo Rocha Campos, Crew Cars: Thiago Ferreira Gregório, Fabiano Moura, Silvio Cesar Cipriano & Cleber Pereira, Doblo (Crew): Felipe Travassos, Doblo (Art): Jules Marcel, Generator: Sidão, Cleaning:
Maria de Lourdes Duarte Fontoura,
Valterio José Cornélio dos Santos, Camera Supplier: Trovão, Production Infrastructure: ETC Locações, Grip Equipment Supplier: Drengue, Electrical Supplier: Naymar, Moving Lights Electrical Supplier: Cia da Luz",false,calor-do-momento,2024-05-08 00:00:00,https://i.vimeocdn.com/video/2012400662-daa66a002a23a770a459b281d5c2823130dd035759b40fa61c4806ba9816ee2b-d_295x166?region=us,https://vimeo.com/1081587596,true,2025-08-11 20:22:58.124,2025-08-11 20:22:58.124
2e68f211-a6a0-4c73-b77c-1cdbe46389c7,Sniper Queen,Léo Justi,Julio Secchin,Clipe,Cosmo Cine,,"Director: Julio Secchin; Production: Clara Guimarães; Production Manager & First Assistant Director: Victoria Visco; Second Assistant Director & Casting Director: Henrique Ludgério; Cinematography: Daniel Venosa; Camera Assistant: Guilherme Rezende; Logger: João Gasparian; Gaffer: Lucas Stirling; Key Grip: Boião; Costume Design: Maria Alice Salgado; Costume Design: Maria Alice Salgado; Costume designer assistant: Constanza de Córdova; Art director: Isabel Pedrosa; Art director assistants: Manuela Padua & Maria Estephania; Editors: Julio Secchin, Felipe Peres; Production Assistant: Pedro Antunes; Additional Grip: Costelinha; Make up artists: Sandra Augusto & Camila Crus; Make up artists: Sandra Augusto & Camila Crus; Cast: Anderson Luiz, Arthur Murphy, Leo Justi, Juliana Koppel, Vera Rosa, Adriano Canider, Alexandre Ramos, Gustavo Novaes, Rogério Moura, Luangelys de Paula",true,sniper-queen,2012-11-01 00:00:00,https://i.vimeocdn.com/video/509287285-8e92b0ea7afe728a0050c6ee52b646459c0c75b916ffc3d02b73719e264f5a62-d_640?region=us,https://vimeo.com/121160508,true,2025-08-11 04:39:55.208,2025-08-11 04:39:55.208
2f3a437a-b85c-4b0a-8948-04308dd7e789,Windy Oasis,Bernardo Negri,Bernardo Negri,Conteudo,Cosmo Cine,,"Director: Bernardo Negri, Narrator: Bernardo Negri, Editor: Bernardo Negri, Sound Design: Recó, Cover Design: Studio Peixe, Special thanks: Estúdio Zecapagodiscos, Riders: Reno Romeu, Felipe Franco and Bernardo Negri.",false,windy-oasis,2015-04-30 00:00:00,https://i.vimeocdn.com/video/519402938-d7f3c0e038265c1250834808a3f485b32487f47477a9146b96092af713fb4607-d_640?region=us,https://vimeo.com/126533698,true,2025-08-11 06:06:24.23,2025-08-11 06:06:24.23
32a4efb1-cdc5-497b-9b3e-018337f7e127,Made In CDD,HBO Max,N/A,Publicidade,Cosmo Cine,,,true,made-in-cdd,2025-06-06 00:00:00,https://i.vimeocdn.com/video/2012617480-37b8015c9b72c9ca2ea4416b3393e136291261f62af0ff0a3b8a77aba616bce8-d_295x166?region=us,https://vimeo.com/1081766307,true,2025-08-11 20:15:23.595,2025-08-11 20:15:23.595
33c4ac2a-df20-4140-b463-f15f5ecf6698,Um Dia Sem Gravidade,Julio Secchin,Julio Secchin,Conteudo,Cosmo Cine,,"Diretor: Julio Secchin, Apresentador Ricardo Boechat",false,um-dia-sem-gravidade,2015-01-01 00:00:00,https://i.vimeocdn.com/video/514625006-42c332c7cb756ef430976d16bdba592c2f10a00d2b06c78c99c9138c59eb14d7-d_640?region=us,https://vimeo.com/124772164,true,2025-08-11 04:54:28.898,2025-08-11 04:54:28.898
38bcecef-375a-4d84-9fdb-48100f9d8cc3,Corre,Redley,N/A,Publicidade,Cosmo Cine,,,true,corre,2021-10-27 00:00:00,https://i.vimeocdn.com/video/1286197842-17e19b0f086d4d872cd8852b18dfeb2ff452a03e08707056c_295x166?region=us,https://vimeo.com/639576352,true,2025-08-11 21:49:06.406,2025-08-11 21:49:06.406
3a2dd1bf-638b-4568-a28c-afba75a34d51,Ponta do Anzol,Scalene,Eduardo Roquette,Clipe,Cosmo Cine,Som Livre,"Director: Eduardo Roquette, Director of Photography: Bernardo Negri, Producers: Bernardo Portella & Guilherme Meirelles, Production Assistant: Alexandre Lessa, Camera Operators: Fernando Macedo & Tomás Camargo, Camera Assistants: Andre Andrade & Guilherme Rezende Jr., Logger: Jayme Rodrigues Neto, Crane Operator: Mauricio, Gaffer & Grip/Electric: Raphael Santana & William Gomes, Art Department: Marcos Reis & Ary, Makeup: Jorge Henrique Monteiro",true,ponta-do-anzol,2017-11-17 00:00:00,https://i.vimeocdn.com/video/687155147-f990a02b576e351dfbe8a2bff9f2560e53f56cc10e99696cf2c0b8777f324b03-d_640?region=us,https://vimeo.com/243307010,true,2025-08-11 07:37:00.593,2025-08-11 07:37:00.593
3c684b08-d9e5-45c4-8511-22f7856d1cc1,Winter 2024,FYI,Breno Moreira,Publicidade,Cosmo Cine,,"Director: Breno Moreira, DOP: Lucas Nobrega, Stedycam: Tiago Rios, Branding Director: Renata Simões, Creative Director: Peu Mello, Marketing: Bruna Oliveira, Still Photography: Demian Jacob, Styling: Bebel Moraes, Make-up: Vini Kilesse, Models: Marcela Vivan, Fabiana Mayer",true,winter-2024,2014-08-11 00:00:00,https://i.vimeocdn.com/video/515068865-6ad3a5ced4d3fb876e0b6564a1235eb9c2e80cd30fa5030231178a7c6165c9c3-d_640?region=us,https://vimeo.com/125092858,true,2025-08-11 05:04:35.428,2025-08-11 05:04:35.428
3d173286-ca7b-465f-91b2-638d49f6bd5e,Copyright Cops,Julio Secchin,"Julio Secchin ",Conteudo,Cosmo Cine,,"Director: Julio Secchin; Producer: Luiz Felipe ""Moe"" Couto; Cinematographer: Daniel Venosa; Assistant Director: Rodrigo Vasconcellos; Art Director: Maya Dikstein, Laura Shalders; Editors: Felipe Peres, Vincent Zoidberg; Original Titles Design: Níkolas Pereira; Typography: Níkolas Pereira; Art Production: Gabriel Cabral; Art Director Assistants: Livia Travassos, Manoela Medeiros; Original Music & Sound Design: Bernardo Uzeda; Sound Design: Bernardo Uzeda; Sound Recordist: Diogo Valentino; Still Photographer: Gabriel Secchin; Additional Photography & Camera Operators: João Atala, Diego Quinderé, Lourenço Monte-Mór, Gabriel Mariani, Guilherme Rezende & Marcelo Pizzato; Special Effects: Equipe M; Continuity: Manuelle Rosa, Make-up Artist: Isabela Arêde; Casting: Rodrigo Vasconcellos, Duda Gorter; Production Assistants: Emerson Mendes, Nathalia Melo, Leonardo Batista de Brito; Set Manager: Rafael ""Torah"" Silva; Gaffer: Danilson Souza Costa; Additional Gaffer: Baianinho; Best Boy Electric: Bartô; Starring: Pedro Ramôa, Gustavo Berriel, Rafaella Buzzi, André Ramiro; Featuring: Marcello Biju, Guilherme Bellem, André ""Fofo"" Chaves, Gabriel Frazão; 1st Camera Assistant: Guilherme Rezende; 2nd Camera Assistant: Marcelo Pizzato",false,copyright-cops,2011-05-14 00:00:00,https://i.vimeocdn.com/video/515515343-0b0e8cf16f47f1790ac5b98ef56103669773aa78f61d8afe07a0518b4d76fa43-d_640?region=us,https://vimeo.com/125401219,true,2025-08-11 05:15:56.974,2025-08-11 05:15:56.974
428ada98-99de-4c0c-9856-df2b0530e416,Battery,Samsung,N/A,Publicidade,Cosmo Cine,,,true,battery,2021-08-11 00:00:00,https://i.vimeocdn.com/video/1212408770-dcd63be886e829385151257518562ad8d8cbf27ebd3e5ee62755c233716eeaf7-d_295x166?region=us,https://vimeo.com/585921168,true,2025-08-11 21:52:36.624,2025-08-11 21:52:36.624
4362cc24-3147-407c-a8e4-808ed0c75c1b,Garota,Os Garotin,Daniel Venosa,Clipe,Cosmo Cine,,"Director: Daniel Venosa, 1st Assistant Director: Antonio Arraes, Executive Producer: Bernardo Portella, Production Director: Guilherme Bolo, Production Assistants: Bernardo Berriel, Victor Canthé & Bernardo Telles, Set Manager: Bernardo Berriel Netto
, Production Intern: Camile Sellos, Director of Photography: Daniel Venosa
, 1st Assistant Camera: André Andrade
, 2nd Assistant Camera: João Kibe
, Steadicam Operator: Fernando Dom
, Camera Operator: Gabriel Moska
, Logger: Lucas Pará
, Video Assist: Izabela Nascimento Pereira, Editor: João Sucupira
, Colorist: André Andrade, Sound Technician: Vini Machado
, Sound Assistant / Roadie: Lucas Campello, Gaffer: Rapha Santana, Assistant Electricians: Robert Wagner & Thiago Henrique, Electrician’s Assistant: João Pedro Maciel, Moving Lights Programmer: Gabriel Pietro, Moving Lights Programmer: Gabriel Pietro, Moving Lights Operator: Rodrigo Belay

, Key Grip: William Drengue, Grip Assistants: Michel da Silva Miguel, Wesly Renato Queiroz & Carlos Alberto Botelho, Art Producer: Paola Garcia, Costume Designer: Roberta Campos, Costume Assistants: Fabiana Pernambuco dos Santos & Mariana Santos Silva, Make-up Artist: Dani Leone, Movement & Choreography: Leo Garcia, Location Producer: Carlos Vaz, Machinery + Electrical Truck: Sandro, Set Van: Waguinho, Camera Van: Bruno Campos Barros, Crew Van: Mauricio Araujo Rocha Campos, Crew Cars: Thiago Ferreira Gregório, Fabiano Moura, Silvio Cesar Cipriano & Cleber Pereira, Doblo (Crew): Felipe Travassos, Doblo (Art): Jules Marcel, Generator: Sidão, Cleaning:
Maria de Lourdes Duarte Fontoura,
Valterio José Cornélio dos Santos, Camera Supplier: Trovão
, Production Infrastructure: ETC Locações, Grip Equipment Supplier: Drengue, Electrical Supplier: Naymar, Moving Lights Electrical Supplier: Cia da Luz

",false,garota,2024-06-04 00:00:00,https://i.vimeocdn.com/video/2012396928-0b1577c60840fa422a87bcb8d3b529fcfb6c936b34c8aee0a0e45b2cb2745b4b-d_295x166?region=us,https://vimeo.com/1081584928,true,2025-08-11 20:51:12.541,2025-08-11 20:51:12.541
4764fcee-1271-4598-9bab-08d2df5d6caf,Verão,Skol,Kid Burro,Publicidade,Cosmo Cine,Stink,Director: Kid Burro,true,verao,2019-03-21 00:00:00,https://i.vimeocdn.com/video/769575328-a9cbbaf341ec4d36f6eec64f7c4841f6e5d01e7111f8ab52677f60a97c69c6bb-d_640?region=us,https://vimeo.com/325746582,true,2025-08-11 23:22:42.525,2025-08-11 23:22:42.525
48479335-3203-4ec2-a88e-aed8e2f29628,Eu Estou Aqui,Baleia,Philippe Noguchi,Clipe,Cosmo Cine,,"Director: Philippe Noguchi; Assistant Director: Luiza Nasseh; Production Coordinator: Bernardo Portella; Production Director: Juliana Mansur; Producer: Alexandre Lessa; Production Assistant: Lucas Berbenaud; Director of Photography: Daniel Venosa, Camera Assistant / Logger: Andre Andrade; Camera Assistant: Fernando Dom; Gaffer: Douglas; Assistant Gaffer: Phabien Silvério Silva; Art Director: Betina Montemor; Art Assistant: Paola Henrique Garcia; Props Master: Hugo Alves; Costume Designer: Luciana Novak, Make-up Artist: Diego Nardes, Make-up Assistants: Diva Correia & Lucas Souza; Editors: Bruno Tavares & Philippe Noguchi, Post-Production / Finishing: Philippe Noguchi; Extras:
Carol Sampaio,
Bianca Moraes,
Letícia Berriel,
Catia Pereira,
Aline Dias,
Isabela Piveta,
Daniela Viana,
Paula Sampaio,
Carla Pedron,
Roseli Santos",false,eu-estou-aqui,2018-08-21 00:00:00,https://i.vimeocdn.com/video/750689797-414d1f3d78eb15d5e32b8992cdf4dd06666a4d1d20057187e6e18d41b50327e6-d_295x166?region=us,https://vimeo.com/310163659,true,2025-08-11 19:03:44.828,2025-08-11 19:03:44.828
484d2905-c9ac-41f3-8541-50204ee338a0,Chapadin de Amor,Ruby,Vitoria de Mello Franco & Zoe Guglielmoni,Clipe,Cosmo Cine,,"Director: Vitoria de Mello Franco, Zoe Guglielmoni, 1st Assistant Director: Lincoln Fonseca, 2nd Assistant Director: Luiza Nasseh, Editor: Helena Chaves, Movement Director: Filipi Ursão, Executive Producer: Bernardo Portella, Executive Production Assistant: Luiza Faria, Production Director: Guilherme Meirelles, 1st Production Assistant: João Kibe, 2nd Production Assistant: Lucas Beaubernard, Director of Photography / Steadicam Operator: Bernardo Negri, 1st Assistant Camera: Ricardo Pentagna, 2nd Assistant Camera: Fernando Dom, 1st Assistant Electrician: Tigrão, Art Director: Débora Pascotto, Art Assistant: Giulia Nasseh, Props Master: Batman, Assistant Props Master: Bob Neco, Costume Designer: Marina Franco, Costume Assistant: Aléxia Azambuja, Hair & Make-up: Mika Silva Santos, Security: Magno, Robson, Drivers: Lúcio, Sergio",true,chapadin-de-amor,2020-02-14 00:00:00,https://i.vimeocdn.com/video/855914949-a77fa20d233fd329c2aee518d8af640a06359ae8d2ffc6955b583667a8500f84-d_295x166?region=us,https://vimeo.com/391350918,true,2025-08-11 22:35:50.523,2025-08-11 22:35:50.523
4aa466a2-4028-4a20-8890-333db430dded,Curva Escura,Os Garotin,Daniel Venosa,Clipe,Cosmo Ciine,Mangolab,"Director: Daniel Venosa
, 1st Assistant Director: Antonio Arraes
, Executive Producer: Bernardo Portella
, Production Director: Guilherme Bolo
, Production Assistants: Bernardo Berriel, Victor Canthé & Bernardo Telles, Set Manager: Bernardo Berriel Netto, Production Intern: Camile Sellos, Director of Photography: Daniel Venosa, 1st Assistant Camera: André Andrade, 2nd Assistant Camera: João Kibe, Steadicam Operator: Fernando Dom, Camera Operator: Gabriel Moska, Logger: Lucas Pará, Video Assist: Izabela Nascimento Pereira, Editor: João Sucupira, Colorist: André Andrade, Sound Technician: Vini Machado, Sound Assistant / Roadie: Lucas Campello, Gaffer: Rapha Santana, Movement & Choreography Director: Léo Garcia, Art Producer: Paola Garcia, Costume Designer: Roberta Campos, Costume Assistants: Fabiana Pernambuco dos Santos & Mariana Santos Silva, Make-up Artist: Dani Leone, Trombone: Maira de Oliveira, Percussion: Rômulo Oliveira, Keyboard: Elias de Souza, Trumpet: Thaísa Fernandes, Saxophone: Gisela, Drums: Caio Oica, Bass: Julio Raposo, Location Producer: Carlos Vaz, Assistant Electricians: Robert Wagner & Thiago Henrique, Electrician’s Assistant: João Pedro Maciel, Moving Lights Programmer: Gabriel Pietro, Moving Lights Operator: Rodrigo Belay, Key Grip: William Drengue, Grip Assistants: Michel da Silva Miguel, Wesly Renato Queiroz & Carlos Alberto Botelho, Machinery + Electrical Truck: Sandro, Set Van: Waguinho, Camera Van: Bruno Campos Barros, Crew Van: Mauricio Araujo Rocha Campos, Crew Cars: Thiago Ferreira Gregório, Fabiano Moura, Silvio Cesar Cipriano & Cleber Pereira, Doblo (Crew): Felipe Travassos, Doblo (Art): Jules Marcel, Generator: Sidão, Cleaning:
Maria de Lourdes Duarte Fontoura,
Valterio José Cornélio dos Santos, Camera Supplier: Trovão, Production Infrastructure: ETC Locações, Grip Equipment Supplier: Drengue, Electrical Supplier: Naymar, Moving Lights Electrical Supplier: Cia da Luz",false,curva-escura,2024-04-11 00:00:00,https://i.vimeocdn.com/video/2012399424-85e6c82b1eaf02b69f410825cbb5c01a1029a63ed4293974ac425223659934f8-d_295x166?region=us,https://vimeo.com/1081585797,true,2025-08-11 20:41:54.439,2025-08-11 20:41:54.439
4c5a6749-27ee-4ddc-868c-e8ec74c696ba,Rolima SuperXCap,Caixa Economica Federal,N/A,Publicidade,Cosmo Cine,,,true,rolima-superxcap,2019-03-21 00:00:00,https://i.vimeocdn.com/video/781692721-77eb92b5bad97f68856e83c2687805ea30f39e13d6b60d84cb29309e3d01715b-d_640?region=us,https://vimeo.com/325744542,true,2025-08-11 20:03:35.06,2025-08-11 20:03:35.06
4cb236fb-402f-4f3c-b79e-64a26b96b422,Nunca Foi Sorte,Luisa Sonza,Philippe Noguchi,Clipe,Cosmo Cine,Mynd8,"Director: Philippe Noguchi, Producer: Pitter Correa, Art Director: Miguel Cariello, Art Manager: Miguel Afonso, Art Coordination: Fernanda Mesa, Igor Alarcon, Alice Baldan & Patricia Aidas, Art Coordination: Fernanda Mesa, Igor Alarcon, Alice Baldan & Patricia Aidas, Assistant Director: Pri Lima, Production Coordinator: Bernardo Portella, Local Producer: Gabriela Alcantara, Director of Photography: Daniel Venosa, Steadicam Operator: Bernardo Negri, Art & Costume Design: Jazzie Moyssiadis",true,nunca-foi-sorte,2018-12-13 00:00:00,https://i.vimeocdn.com/video/766223881-0e851e5652c67347b8f8f4bbb9128efd46704a8769b4398ac896c2a8973b9db3-d_640?region=us,https://vimeo.com/310172507,true,2025-08-11 19:39:23.761,2025-08-11 19:39:23.761
4e695dc9-cd84-4756-acfb-236919610241,Toda Rosa Tem Espinhas,Tadeu Bijos,Tadeu Bijos,Conteudo,Cosmo Cine,,"Written & Directed by: Tadeu Bijos
, Director of Photography: Daniel Venosa, Executive Producer: Bernardo Portella, Production Director: Guilherme Meirelles, Art Director: Isabel Pedrosa, Assistant Director: Isabela Saboia, Editing: Artur Miranda & Nathan Alves, Props: Felipe Morelli, Costume Designer: Carol London, Makeup: Lucas Campioli, Typography: Luisa Queiroz, Production Assistant: Alexandre Lessa, Camera Assistant: Vitor Vidigal, Gaffer: Lucas Stirling, Man: Pedro Paulo Ferraz, Woman: Ana Catharina Vicente, Music: “Ponta de Areia (Brazilian Rhyme)” – Earth, Wind & Fire",false,toda-rosa-tem-espinhas,2017-07-18 00:00:00,https://i.vimeocdn.com/video/645546718-4b423641dc6f3c29116c116e3c3533017ecac06c8fedd3f10b9717d6bb96876c-d_640?region=us,https://vimeo.com/226048362,true,2025-08-11 07:33:47.077,2025-08-11 07:33:47.077
51f3cf5b-543e-4450-88f7-95a7fa33d3e9,Eversafe,Eversafe,N/A,Publicidade,Cosmo Cine,,,true,eversafe,2018-08-12 00:00:00,https://i.vimeocdn.com/video/725153052-3909cf591ca1ceb95a8035b00604e8be2d0dd9aedbc096b9d2ece94cfdcbc052-d_640?region=us,https://vimeo.com/289488251,true,2025-08-11 18:46:34.8,2025-08-11 18:46:34.8
5660fefc-3555-44b7-8802-0a0770c9859d,Corda,Globonews,N/A,Publicidade,Cosmo Cine,Globosat,,true,corda,2018-08-24 00:00:00,https://i.vimeocdn.com/video/727781606-9b8d2c191bba1b1a9cab82d0d4cab109a198a112746cd0c04cdd68f51a4f99f5-d_640?region=us,https://vimeo.com/291599554,true,2025-08-11 18:49:28.266,2025-08-11 18:49:28.266
5ca24375-9aa5-49af-b58f-c5848d6004e8,Puberdade,Jonas Sá,Pedro Freire,Clipe,Cosmo Cine,,"Directed by: Pedro Freire
, Co-Directed by: Jonas Sá
, Cast: Priscila Lima & Tadeu Bijos, Production Company: Cosmo Cine
, Executive Producer: Bernardo Portella
, Production Assistants: Lessa Lessa, Fernando Arruzzo & Luiza Nasseh
, Post-Production Producer: Jonas Sá

, Director of Photography: Daniel Venosa
, 1st Assistant Camera / Focus Puller: Tomás Camargo de Albuquerque, Camera Assistant / Logger: João Pedro Gasparian
, Steadicam Operator: Bernardo Negri, Edited by: Fred Siewerdt
, Color Grading: Hebert Marmo
, Visual Effects: Julio Marcello & Bruna Fonyat
, Masking: Marcelo Amp
, Sound Design & Incidental Music: Jonas Sá

, Art Director: Júlia Rocha
, Art Assistant: Lara Teixeira Ferro
, Props: Rafa Profeta, Makeup Artist: Adriana de Rezende Ferreira
, Costume Designer: Ana Carolina Rabay London
, Wardrobe Assistant: Laura Vermot

, Grip: Wallace Silvério dos Santos
, Electrician: Douglas de Oliveira
, Lighting & Grip Assistant: Phabien Silvério Silva

, Catering: Mônica
, Car (Kharmann Ghia): Marcos
, Transportation: Reinaldo Borges

",true,puberdade,2018-05-18 00:00:00,https://i.vimeocdn.com/video/721322546-10e3fe5b44a3f575e0eb609ffa1dd36834ade38ef65e17a59450434795843e9d-d_640?region=us,https://vimeo.com/285106122,true,2025-08-11 08:01:52.849,2025-08-11 08:01:52.849
63a18b5a-eb18-49e3-8c2e-9a9dfa3f7f5c,Larga O Aço,Léo Justi,"Julio Secchin ",Clipe,Cosmo Cine,,"Director: Julio Secchin; Director of Photography: Bernardo Negri; Producer: Guilherme ""Bolo"" Meirelles; Starring Dancers: Ronald Sheick & Neguebites",true,larga-o-aco,2018-08-04 00:00:00,https://i.vimeocdn.com/video/641509589-79a8a80afb6fbd9e03fb02659f96410dc268dc3738ea179e940d89005733b76f-d_640?region=us,https://vimeo.com/222864069,true,2025-08-11 07:07:36.947,2025-08-11 07:07:36.947
64090c4e-b244-41a3-b453-c95921d75636,The Athlete's Code,Powerade,N/A,Publicidade,Cosmo Cine,,,true,the-athletes-code,2025-05-05 00:00:00,https://i.vimeocdn.com/video/2012351499-71f813bccfb0d7c676a89fac28b8f89ad9b716b515394a201216f2c2898dd717-d_295x166?region=us,https://vimeo.com/1081547358,true,2025-08-11 20:52:49.026,2025-08-11 20:52:49.026
64a09848-e4b5-4c47-b903-0731c9ce82ac,Dependências,Luisa Arraes,Luisa Arraes,Conteudo,Cosmo Cine,,"Director: Luisa Arraes, Writer: Luisa Arraes, Cast:
Thomás Aquino,
Catharina Caiado,
Cris Larin,
Suzy Lopes,
Vilma Melo,
Clarissa Pinheiro,
Eduardo Rios,
Leandro Santanna,
Marina Vianna

, Makeup Department Head: Brenno Melo, First Assistant Director: Maria Gentil
Second Assistant Director: Gabriela Scardini Amato",true,dependencias,2023-10-02 00:00:00,https://i.vimeocdn.com/video/1732416111-4a482e6cf8a6d3501001f03e9f711a214b49aa7f4919ad3fe54e4e1bad59cd21-d_295x166?region=us,https://vimeo.com/870388389,true,2025-08-11 21:00:20.094,2025-08-11 21:00:20.094
68de37c4-7e6a-4ae4-b9a2-0d6c94fe6158,Breaking The Circle,Tobias Nathan,Tobias Nathan,Conteudo,Cosmo Cine,WeTransfer,"Director: Tobias Nathan, Executive Producer: Bernardo Portella, Creative Producer: Tadeu Bijos, Executive Producer: Jamal Dauda (WeTransfer), Project Coordinator: Danielle Boelling (WeTransfer), Cinematographer: Drew Bienemann, Editor: Carlos Flores, Original Music: Gavin Brivik, Sound Designer: Bobb Barito, Colorist: Mikey Rossiter, Local Producer – São Paulo: Gabriela Alcantara, Production Manager – São Paulo: Clara Nunes, Production Coordinator – São Paulo: Beatriz Araújo

, Sound Mixer – Rio de Janeiro: Dudu Falcão, Sound Mixer – São Paulo: Anderson Ferreira “Andinho”, Camera Assistant – Rio de Janeiro: Fernando Dom, Camera Assistant – São Paulo: Leo Jun, Gaffer: Euler Santana “Lelo”, Van: Reinaldo, Production Car – São Paulo: Robson, Production Car – São Paulo: Leo, Production Van – São Paulo: Anibal, Post Producer: Ali Webb, Color Producer: Evan Bauer (The Mill New York), Assistant Editors: Kat Ye, Leon Wu, Title Design: Daveion Thompson, Light Equipment – Rio de Janeiro: Quanta, Camera Equipment – Rio de Janeiro: Bravo, Light Equipment – São Paulo: Electrica, Camera Equipment – São Paulo: Base 01, Featuring: Sambadas, Moça Prosa, Samba Que Elas Querem, Tia Cida, Samba Que Elas Querem:
Angélica Marino, 
Bárbara Fernandes, 
Cecília Cruz, 
Duda Bouhid, 
Giselle Sorriso, 
Júlia Ribeiro, 
Karina Neves, 
Mariana Solis, 
Silvia Duffrayer, Moça Prosa:
Ana Priscila, 
Dani Andrade, 
Fabíola Machado, 
Jack Rocha, 
Karina Isbelle, 
Luana Rodrigues, 
Tainá Brito, Sambadas:
Kelly, 
Carol Nascimento, 
Paloma, 
Maria Fernanda, 
Erêndira, 
Bianca, 
Camila Midori, 
Débora, Special Thanks:
Emi Stewart, 
All:Expanded, 
Renata Portes, 
Evan Bauer, 
The Mill New York, 
Ali Webb, 
Carlos Flores, 
Drew Bienemann, 
Forager, 
Cosmo Cine, 
Salim El Ajra, 
Couscous.TV, 
John Benthal, 
Jordi Nus

",true,breaking-the-circle,2019-03-11 00:00:00,https://i.vimeocdn.com/video/769740726-3da3ec10367bc175eaaf6deb1ee9781a3fa37a78316becc1d2e24b83ea673bab-d_640?region=us,https://vimeo.com/325738286,true,2025-08-11 19:58:33.048,2025-08-11 19:58:33.048
6bf2916f-6248-4da9-9e59-f43cbf884ec2,Partículas de Amor,Lucas Santanna,Julio Secchin,Clipe,Cosmo Cine,,Diretor: Julio Secchin,false,particulas-de-amor,2014-11-01 00:00:00,https://i.vimeocdn.com/video/644370725-99b538e50af40582f771e3757808275a3a35678a1b5440593d915c0af867f9d4-d_640?region=us,https://vimeo.com/224374339,true,2025-08-11 07:21:12.431,2025-08-11 07:21:12.431
6c865fa2-a6b4-42a4-8089-ed5dbc7eff4f,MAM,Angelo Venosa,Julio Secchin,Conteudo,Cosmo Cine,,"Director: Julio Secchin, Cinematographer: Daniel Venosa",false,mam,2013-01-01 00:00:00,https://i.vimeocdn.com/video/687406253-dd02f69c8a28cfe0ca8edf18ef98abd0019141cea3f5bc284af48c97cd2f8509-d_640?region=us,https://vimeo.com/124789017,true,2025-08-11 04:57:46.819,2025-08-11 04:57:46.819
6ec8e02b-662a-48c1-8ce0-e5b029ee574e,Futebol,XCAP,N/A,Publicidade,Cosmo Cine,,,true,futebol,2019-03-21 00:00:00,https://i.vimeocdn.com/video/781693285-f30ee0bddc6ba1730422335e03a489132549027329893c55b41d1f98fa1e76d3-d_640?region=us,https://vimeo.com/325749493,true,2025-08-11 23:21:43.222,2025-08-11 23:21:43.222
731101a9-67d0-4a79-818a-c483865b3513,Lacuna,Rodrigo Lages,Rodrigo Lages,Conteudo,Cosmo Cine,,"Director: Rodrigo Lages, Writer: Rodrigo Lages, Associate Producer: Lorena Comparato, Associate Producer: Kika Kalache, Executive Producers: Rodrigo Lages, Guilherme Meirelles, Bernardo Negri, Bernardo Portella, Daniel Venosa, Hudson Vianna, Line Producer: Juliana Mansur, Composer: Emiliano Mazzenga, Director of Photography: Daniel Venosa, Editor: Rodrigo Lages, Production Designer: Cedric Aveline, Costume Designer: Luiza Mitidieri, Make-up Artist / Special Make-up Effects Artist: Lucas Campioli, 1st Assistant Director: Maria Gentil, Illustration Artist: Carolina Leitão Da Cunha, Propsman: Rafael D. Fontoura, Graphic Designer: Rodrigo Lages, Sound Recordist: Eduardo Falcão, Re-recording Mixer: Gustavo Loureiro, Boom Operator: Vini Machado, Foley Artist: Felipe Magalhaes, Sound Designer: Matheus Miguens, Victor Quintanilha, Focus Puller / Gaffer / Logger: André Andrade, Grip / Key Grip: Thales Luiz, Camera Operator: Fernando Dom, Steadicam Operator: Bernardo Negri, Colorist: Pedro Saboya, Assistant Editor: João Sucupira, Additional Music Composer: Prateek Rajagopal, Sales Agent: Philippe Louis Galliano",false,lacuna,2020-11-16 00:00:00,https://i.vimeocdn.com/video/996264707-532c3b570eb3fb1757e97cc61d1dd6a29df823212d813b6d0e3f9d17a8766c58-d_295x166?region=us,https://vimeo.com/480062270,true,2025-08-11 22:11:10.15,2025-08-11 22:11:10.15
76ab6724-f247-4ded-b1cb-044cdebbf927,Girl On The Escalator,Kayhan Lannes Ozmen,Kayhan Lannes Ozmen,Conteudo,Cosmo Cine,Nowness,Director: Kayhan Lannes Ozmen,true,girl-on-the-escalator,2019-09-17 00:00:00,https://i.vimeocdn.com/video/783852818-5884b038e01241599acf4ed5e705a8651fc84f4cb31c41b01e26513e60a90d9f-d_295x166?region=us,https://vimeo.com/336873344,true,2025-08-11 23:00:14.036,2025-08-11 23:00:14.036
7a72cba2-6441-4d65-a731-2fcbba7cab9d,There Ain't No Bad Directing When You Shoot Pretty Girls,Breno Moreira,Breno Moreira,Conteudo,Cosmo Cine,,"Director: Breno Moreira, Cinematography: Breno Moreira, Actress: Thais Valente",false,there-aint-no-bad-directing-when-you-shoot-pretty-girls,2015-01-01 00:00:00,https://i.vimeocdn.com/video/519229756-854cb8243b466442c1c311920d0749f3d0034ad7a9cb1328dccc51272e941c48-d_640?region=us,https://vimeo.com/123123872,true,2025-08-11 04:52:06.156,2025-08-11 04:52:06.156
7c2ab1c4-b5f1-4bba-9df6-7d780f7cba8c,Espaço Laser,Espaço Laser,Breno Moreira,Publicidade,,,Director: Breno Moreira; Director of Photography: Daniel Venosa; Producers: Bernardo Portella & Guilherme Bolo; Writer: Thiago Manhães,true,espaco-laser,2015-10-17 00:00:00,https://i.vimeocdn.com/video/622803487-84308c0d66828d77c867961f3026ada4c0f0de387e126601538ada84f5ede7fd-d_640?region=us,https://vimeo.com/142726532,true,2025-08-11 06:24:37.823,2025-08-11 06:24:37.823
7dd79fbc-b2e6-4c7b-a17d-7beadf3cdbb2,Musica,Facebook,N/A,Publicidade,Cosmo Cine,,,true,musica-2,2019-10-15 00:00:00,https://i.vimeocdn.com/video/819406140-99a546f8ff4265b5e0fc9c6cee9c3a2e3c0d246606a2c3ef957d749c51dd5f97-d_295x166?region=us,https://vimeo.com/364079665,true,2025-08-11 22:52:39.613,2025-08-11 22:52:39.613
81520318-8bac-4f94-b3d5-1d3fe34372e3,Rock In Rio: Música de Rua,Itaú,Apache,Publicidade,Cosmo Cine,Barry Company,"Director: Apache, Cinematographer: Bernardo Negri",true,rock-in-rio-musica-de-rua,2019-05-27 00:00:00,https://i.vimeocdn.com/video/786605246-e11900ec43f1fc34d044f1ddf4990b1b41485f265eb837ef3c3754191f462e5a-d_295x166?region=us,https://vimeo.com/338768414,true,2025-08-11 22:58:03.387,2025-08-11 22:58:03.387
83809778-d44f-455f-b432-46200091ddc7,20 Anos,Via Mia,N/A,Publicidade,Cosmo Cine,,,true,20-anos,2019-01-09 00:00:00,https://i.vimeocdn.com/video/766222348-d1cf52806978dc20b71981f7a243a00320425892a361d96ae98548234991f95c-d_640?region=us,https://vimeo.com/310165268,true,2025-08-11 19:34:40.7,2025-08-11 19:34:40.7
83a795b8-9408-41f1-a9d5-4e21e74ee290,Musica,Facebook,N/A,Publicidade,Cosmo Cine,,,true,musica-1,2019-10-15 00:00:00,https://i.vimeocdn.com/video/822579094-d342968c6b96443eb002f406551044fb92d36af34e227d31b3d0ae9e043ecea6-d_295x166?region=us,https://vimeo.com/366513456,true,2025-08-11 22:51:59.773,2025-08-11 22:51:59.773
85329fa3-2a2f-4129-a21d-a363bd5bfc2f,Os Dias Eram Assim,Gabriel Medeiros,Gabriel Medeiros,Conteudo,Cosmo Cine,Baracoa Filmes,"Director: Gabriel Medeiros, Cinematographer: Daniel Venosa",false,os-dias-eram-assim,2019-11-16 00:00:00,https://i.vimeocdn.com/video/831834277-42798aeb4271cff3e647cc5f3ae3f017f209213ff31747cb9e5e5cc094911bec-d_295x166?region=us,https://vimeo.com/373646512,true,2025-08-11 22:48:22.119,2025-08-11 22:48:22.119
887a311f-1311-4c64-9eda-85dd1d864e4f,Um Sinal,Ivete Sangalo,N/A,Clipe,Cosmo Cine,,,true,um-sinal,2018-08-03 00:00:00,https://i.vimeocdn.com/video/721323211-c72a074a078069fd3dd03add8e1de58780a1078ce1d6cc95452f5044d48757eb-d_640?region=us,https://vimeo.com/285166683,true,2025-08-11 08:03:43.986,2025-08-11 08:03:43.986
899e9a47-d5c5-4216-a619-89d7a147cc3e,Noturno 150,Heavy Baile,Daniel Venosa,Clipe,Cosmo Cine,,"Director: Daniel Venosa, Cinematography: Daniel Venosa, 1st Assistant Director: Maria Gentil, Production Company: Cosmo Cine, Production Director: Bernardo Portella, Set Manager: Lucas Beaubernard, 1st Assistant Camera: André Andrade, 2nd Assistant Camera: Fernando Dom, Key Grip: Thales de Deus, Grip Assistant: Bolinha, Steadicam Operator: Bernardo Negri, Art Director: Paola Garcia, Costume Designer: Paola Garcia, Make-up Artist: Fernanda Costa, Curator: Gabriela Davies, Dancer: Sheick, Editor: Mah Ferraz, Post-production Coordinator / Assistant Editor: João Sucupira, Colorist: Carlos Flores, Visual Effects: Pedro “ThaZakMan” Araújo, Typographers: Daniel da Rocha, Julio Secchin",false,noturno-150,2020-10-12 00:00:00,https://i.vimeocdn.com/video/973830064-dd63f0cbd5755b607dc78f19b9759bf7844ead9dc38fe231e90109db7f21484a-d_295x166?region=us,https://vimeo.com/467414843,true,2025-08-11 22:22:45.87,2025-08-11 22:22:45.87
8c5217bf-af9d-4178-a235-7e299b882705,"Estrondo ",Plutão Já Foi Planeta,Philippe Noguchi,Clipe,Cosmo Cine,Som Livre,"Director: Philippe Noguchi; Production Director: Guilherme Meirelles; Director of Photography: Daniel Venosa; Art Director: Betina Monte-Mór; Costume Designer: Amanda Hackmann; Steadicam Operator: Dudu Mafra Lino; Editing & Color Grading: Philippe Noguchi; Camera Assistants: Fernando Macedo & André Andrade; Production Assistants: Alexandre Lessa & Fernando Dom; Art Assistant: Hugo Alves; Makeup: Adriana Rezende & Juliana Ribeiro; Grip: Wallace dos Santos; Electricians: Douglas de Oliveira & Phabien Silvério; Still Photographer: Luiza Nasseh; Drivers: Lucio Lapis & Vodu Grip; Cast: Olivia Torres, Julliette Schulz, Amanda Brito, Daniel Frazão, Eliseu de Almeida, Giovane Ferreira & Rubem Castorino",true,estrondo,2018-04-05 00:00:00,https://i.vimeocdn.com/video/692941015-c87489a79ae969e428385229918fcc63a7c22627d4668d2773fc0ffae60414d3-d_640?region=us,https://vimeo.com/263413428,true,2025-08-11 07:40:48.548,2025-08-11 07:40:48.548
a64e311c-465c-4b14-a45e-0a889a624240,Depois Quando,Johnny Massaro,Johnny Massaro,Conteudo,Cosmo Cine,,"Director: Johnny Massaro, Writer: Johnny Massaro, Producers: Guilherme Bono, Bernardo Portella, Cinematographer: Daniel Venosa, Editors: Johnny Massaro, Gabriel Medeiros, 1st Assistant Director: Maria Gentil, Cast:
Saulo Arcoverde,
André Dale,
Leandro Daniel,
Diego Francisco,
Alan Ribeiro",true,depois-quando,2021-04-01 00:00:00,https://i.vimeocdn.com/video/1100721166-4a1a6d62caebd4be8c7444fef3bf0af249eb3564e0729e6be27735466219278e-d_295x166?region=us,https://vimeo.com/531863076,true,2025-08-11 21:58:00.81,2025-08-11 21:58:00.81
abd4bea9-71a8-420e-b6dd-479ea0fe7b67,Musica,Facebook,Jones,Publicidade,Cosmo Cine,Stink,Director: Jones,true,musica,2019-10-15 00:00:00,https://i.vimeocdn.com/video/822579150-6924fcfe1b3d23ac286fa85563587e76c47d95742f05eca0229341f0510f36e9-d_295x166?region=us,https://vimeo.com/366513530,true,2025-08-11 22:50:02.921,2025-08-11 22:50:02.921
ad1b1b25-c8ed-4343-b071-b51791114ee0,Bluesman,Baco Exu do Blues,Douglas Ratzlaff Bernardt,Clipe,Cosmo Cine,Stink Films,"Director: Douglas Ratzlaff Bernardt, Director of Photography: Lucas Oliveira, Script: Baco Exu do Blues, Douglas Ratzlaff Bernardt, Christiano Vellutini, Lucas Andrade, Hugo Veiga, Diego Machado, Renato Zandoná, Paula Santana, Beatriz Durlo, Art Director: Lauren Ferreira, Editors: Squarehead, Danilo Abraham, Executive Producers: Ingrid Raszl, Guilherme Passos, Marcella Feo, Tico Cruz

, Second Unit Director: Vitor Duarte, Assistant Director: Tiago Cavalcanti, Still Photography: Alexandre Takaki, Helen Salomão, Post-production Supervisor: Danilo Abraham, Post-production Company: Dopo, Color Grading: Bleach, Sound Editing & Mixing: Satélite Áudio

, Production Coordinator: Marcella Feo, Production Director: Rafa Pinto, Production Assistant: Tathi Ariosa, Production Coordinator Assistants: Mariana Kerche, Amanda Grell, Production Intern: Stefanie Costa, Rio de Janeiro Production: Guilherme Bolo, Bernardo Portella, Production – Kaique Video, Costume Designer: Ana Wainer, Assistant Costume Designer: Tulio Melles, Make-up: Aline Mathias, Regiane Santos, Wardrobe Attendant: Madleine Cristina Ferreira De Carvalho, Object Producer: Cibele Nogueira, Assistant Object Producer: Indjaah, Casting Producer: Bruno Felsmann, Assistant Casting Producer: Raoni Raoos, Location Producers: Alexandre Neiva De Lima Rocha, Kleber Pereira, Bruno Felsmann, Head Electrician: Arnaldo Shoyama, Steadicam Operators: Sandro Galvão, Bernardo Negri, Boom Operator: Cláudio Bueno, Special Effects: Martão, Rambo, Key Grip: José Carlos da Silva, 1st Camera Assistants: Peterson Lomovtov, Vinicius Rodrigues da Silva, 2nd Camera Assistants: Hassan Shahateet, Rodrigo Cesar dos Reis Soares, Loggers: Mariana Perin, Vitor Lima, 1st Electrician Assistants: José Batista Da Cruz (Inho), Paulo de Santana Oliveira, 2nd Electrician Assistants: Afonso Lima, Anderson Azevedo, Eurico dos Santos, 1st Grip Assistant: Jonatas Bispo, 2nd Grip Assistants: Valter Carrasco, Vinicius de Almeida, Overall Assistants: Edson “Tesouro” Aparecido Nunes Da Silva, Fabio Marques Vitalino, Jackson Francisco Oliveira, Jefferson “Zangão” Eduardo Rosa, Luiz “Chocolate” Eduardo De Queiroz Bretas, Hiago Skarff Andrade Lopes, Supporting Cast:
Cauandê dos Santos, Caio Pio de Silva, Vitor Machado, Florança Antonio Lucas, Adriano Almeida, Iseoluwa, Moyinoluwa Adesanya, Orebe, Tunde Chicago, Caique, Adriana Menezes, Milhe Makuiza, Pimenta, Ikinya Kani, Jordan Costa, Flavia Paixão, Enzo Gabriel Campos, Pietro Bautz, Izaac Russel Bartholomeu Cunha, Aricia Domênica, Gaby Viana, Raoni Raoos, Agrício Costa, Mateus Macedo, Bárbara Lourenço Escaranaro, Clarissa Bonvent, Lucas Antônio, Caio Oiak, Helia Albani, Heline Albani, Gui Albani, Lidiane Angelo, Ananda Pires, Realization – AKQA: Ajaz Ahmed, Hugo Veiga, Luiza Baffa, Diego Machado, Paula Santana, Renato Zandoná, Beatriz Durlo, Lidiane Angelo, Ananda Pires, Marcela Santos, Realization – Coala Festival: Christiano Vellutini, Gabriel Junqueira de Andrade, Thiago Custódio, Guilherme Marconi, Fernanda Pereira, Executive Production – 999: Leonardo Duque, Production Company: Stink Films",true,bluesman,2018-11-23 00:00:00,https://i.vimeocdn.com/video/783831547-7d20841ffe015e78bf0820ac978607a6f05ca52e24945a34c3dec632de8038fe-d_295x166?region=us,https://vimeo.com/336871840,true,2025-08-11 23:09:25.324,2025-08-11 23:09:25.324
ae7591c1-2487-4d6b-9268-abff426b4e6f,One Key,Expedia,N/A,Publicidade,Cosmo Cine,,,true,one-key,2025-05-05 00:00:00,https://i.vimeocdn.com/video/2012348489-c5a57378e72aa9040f0150a1937727d3d01512fc607f87acccfcae125c1cd1cb-d_295x166?region=us,https://vimeo.com/1081544827,true,2025-08-11 20:54:52.639,2025-08-11 20:54:52.639
b29c6c7b-9dbc-4e1c-9ee7-f5fc264d2055,Praya,Cerveja Praya,Jungle,Publicidade,Cosmo Cine / Plano Z,Plano Z,"Director: Jungle (Vince Tigre & Marcus Cidreira); Production Director: Bernardo Portella & Guilherme Bolo; Art Director & Makeup: Anja Kocovic; Costume Designers: Amanda Mujica & Raissa Colela; Assistant Director: Rafael Cabral; Camera Assistants: Lucas Bobst & Andre Andrade; Gaffer: Rodrigo Graf & Tato; Art Department: Luiza Kemp, Rafaela Rocha & Maria Clara Queiroz; Props: Batman; Location: Fabrika, Editing & Post-Production: Plano Z; Color Grading: Pedro Conforti; Voice Over: Paulo Vasilescu; Sound Design: Eduardo Miguenz",true,praya,2017-07-05 00:00:00,https://i.vimeocdn.com/video/643416637-b2477d012317b6476bc539031f92cfa9da90d0cefdd0ae590feae80afc8cd08a-d_640?region=us,https://vimeo.com/224373805,true,2025-08-11 07:18:37.965,2025-08-11 07:18:37.965
b7115dc4-6f39-48c8-9992-0d42ebd9d726,This is Flamengo,Flamengo,N/A,Publicidade,Cosmo Cine,Stink Films,,true,this-is-flamengo,2019-04-25 00:00:00,https://i.vimeocdn.com/video/781691644-7d4329b221869c42b83b9971a3f2ff3f5eea1ea244698cf9ddf0e44f3a58a8c0-d_295x166?region=us,https://vimeo.com/332523659,true,2025-08-11 23:19:16.219,2025-08-11 23:19:16.219
b8056c37-4578-4525-bab4-a12afcb2d467,Agua Na Boca,Matheus VK & Kesia,Júlia Rocha & Daniel Venosa,Clipe,Cosmo Cine,,"Directors: Júlia Rocha, Daniel Venosa, Cinematography: Daniel Venosa, Editor: João Sucupira, Art & Costume Design: Paola Garcia, Make-up Artist: Jorge Henrique Monteiro, Hair Styling / Visagism: Paulo Azevedo, Post-production: Bê Leite, Felipe Salvador, Colorist: André Andrade, Producers: Lucas Beaubernard, João Kibe",false,agua-na-boca,2021-01-15 00:00:00,https://i.vimeocdn.com/video/1044694477-1a3bfd795c0738e6ed98f1754a9564a99a53f41fa2106fdf4b6a162b15e7dc81-d_295x166?region=us,https://vimeo.com/504836129,true,2025-08-11 22:02:44.729,2025-08-11 22:02:44.729
ba040602-0024-4097-b86a-93f750181686,Eleições 2018,Globonews,N/A,Publicidade,Cosmo Cine,Globosat,,true,eleicoes-2018,2018-09-24 00:00:00,https://i.vimeocdn.com/video/737895911-ce6b62acad2e3a0cd45c176c7f6c0ac4a4f0c7c2c15f4bc36101d31b78a9ead2-d_640?region=us,https://vimeo.com/291601010,true,2025-08-11 18:52:34.317,2025-08-11 18:52:34.317
bb3ca215-ff80-481c-b7ad-505b8d9a1a82,Transe,Anne Pinheiro Guimarães & Carolina Jabor,Anne Pinheiro Guimarães & Carolina Jabor,Conteudo,Cosmo Cine,,"Directors: Anne Pinheiro Guimarães, Carolina Jabor, Screenplay: Anne Pinheiro Guimarães, Carolina Jabor, Executive Producer Coordinator: Paula Batalha, Producer: Carolina Jabor, Co-Executive Producer: Bernardo Portella, Executive Producer: Mariana Vianna, Cinematographer: Daniel Venosa, Editor: Isadora Boschiroli, Editor: Danilo Lemos, Art Director: Raphael Tepedino, Costume Designer: Antonio Frajado, First Assistant Director: Maria Gentil, Sound Recordist: Akira Band, Foley Artist: Pedro Coelho, Re-recording Mixer / Supervising Sound Editor: Ricardo Cutz, Additional Re-recording Mixer: Abel Duarte, Sound Recordist: Eduardo Falcão, Foley Editor: Rafael Faustino, Sound Effects Editor: Matheus Miguens
, Sound Recordist: Gil Neves
, Foley Recordist: Tiago Picado
, Camera Operator: Bernardo Negri, First Assistant Camera: Ricardo Pentagna, Gaffer: Raphael Santana, On-line Editor: Théo Brígida
, Assistant Editor: Joao Ciraudo
, Post-Production Coordinator: Guga Nascimento
, Colorist: Sergio Pasqualino, Post-production Intern: Fernanda Yasmim, Music Supervisor: Arthur Braganti, Executive Coordinator: Sérgio Magraner, Executive Production Assistant: Ana Santos",true,transe,2022-09-30 00:00:00,https://i.vimeocdn.com/video/1518071104-88a7abc6dd0dac5771d15556bee5658ec4b8601b92e9af9e3e4bd7345d774fa1-d_295x166?region=us,https://vimeo.com/755694544,true,2025-08-11 21:32:02.662,2025-08-11 21:32:02.662
bc796d01-d877-4b59-bd0d-c45310cfaaa3,Winter 2015,ODDE,Breno Moreira,Publicidade,Cosmo Cine,,"Director: Breno Moreira; Director of Photography: Lucas Nobrega; Writers: Bruno Moreira, Thiago Manhaes & Guga Valente; Art Directors: Bá Rosalinski & Fernanda Rebello; Still Photographer: Roberto Moura; Producer: Guilherme Bolo; Voice: Vinicius Pereira; Sound: Henrique Campos; Models: Lua Albuquerque & Pedro Giannini",true,winter-2015,2015-05-23 00:00:00,https://i.vimeocdn.com/video/524093250-25ec6826c6416d89efe67907d6e5d19adbd2f571b43a5b210ae0c251b166bcd8-d_640?region=us,https://vimeo.com/128671533,true,2025-08-11 06:10:23.951,2025-08-11 06:10:23.951
c027270b-f561-48cf-a45e-b57b684f2f26,Rock 'n' Rio,Ford,N/A,Publicidade,Cosmo Cine,,,true,rock-n-rio,2019-08-29 00:00:00,https://i.vimeocdn.com/video/809824300-cc693cb77aede9fbe631288b65c4990c730948c9c4906c179e758aae0bf5496d-d_295x166?region=us,https://vimeo.com/356682020,true,2025-08-11 22:53:30.027,2025-08-11 22:53:30.027
c3980664-d839-4a32-8cea-3685fd507aab,Para Cada Criança,UNICEF,Breno Moreira,Publicidade,Cosmo Cine,Ogilvy,"Director: Breno Moreira, Cinematography: Neirin Jones, Producers: Bernardo Portella & Guilherme Meirelles, Editor: Gabriel Medeiros, Location Sound: Henrique Milico, Foley Artist: João Curvello, Color Grading: Bleach Films",true,para-cada-crianca,2017-07-20 00:00:00,https://i.vimeocdn.com/video/614300784-ad42c37371beb9269d974cb24b44aeba5810b7e1ca680186966e9bc1b1d24eb2-d_640?region=us,https://vimeo.com/200395839,true,2025-08-11 06:44:07.296,2025-08-11 06:44:07.296
c68c2a48-6028-46d0-90ad-d95ed90981ea,Abertura Brasileirão 2018,Sportv,Leon Vilhena,Publicidade,Cosmo Cine,Globosat,"Sports Channels Manager: Leon Vilhena, Writer: Felipe Abrahão, Scene Director: Felipe Abrahão, Director of Photography: Daniel Venosa, Logger: Andre Andrade, Production Coordinator (In-House): Alessandro Rios, Production (In-House): Ruy Venício Barbosa, Producers: Bernardo Portella & Guilherme Bolo, Production Assistants: Alexandre Lessa & Fernando Dom, Art Producer: Betina Monte-Mor, Original Score: Alexandre Kassin, Mixing: Alexandre Kassin, Editing & Color Grading: Renan Salgado, Miguel Kruschewsky & Fernando Machado

",true,abertura-brasileirao-2018,2018-06-05 00:00:00,https://i.vimeocdn.com/video/705144082-b490f921fe3443a63d84da2f30ed35a1002b54302d095e93cfceabc4730d98d5-d_640?region=us,https://vimeo.com/273366904,true,2025-08-11 07:52:24.873,2025-08-11 07:52:24.873
c75fe3a5-bf8b-4357-876c-a39dd63c4012,É Preciso Dizer,Silva,Julio Secchin,Clipe,Cosmo Cine,,Director: Julio Secchin; Actress: Sofia Leitão,true,e-preciso-dizer,2014-04-24 00:00:00,https://i.vimeocdn.com/video/511969308-1e12ad206fee0717cb4a5b314d8a7c257d29b1f6c5300e9169b0b27eb1701148-d_640?region=us,https://vimeo.com/121848933,true,2025-08-11 04:46:59.133,2025-08-11 04:46:59.133
d4df6878-2903-463f-88f5-16927d3d55c6,STAR WARS /// ROYAL SHAKESPEARE COMPANY,"Julio Secchin ","Julio Secchin ",Conteudo,Cosmo Cine,,"Director: Julio Secchin, Cinematographer: Daniel Venosa",false,star-wars-royal-shakespeare-company,2012-01-02 00:00:00,https://i.vimeocdn.com/video/510887214-4663470071fc245d8709c2295ffa3ff96a5acb73e4510c1402e0ce524ff87e09-d_640?region=us,https://vimeo.com/121422569,true,2025-08-11 04:43:17.438,2025-08-11 04:43:17.438
d5b4647b-4237-46b4-afb9-f95660409c50,Duas da Tarde,Silva,Vitoria de Mello Franco,Clipe,Cosmo Cine,,"Director: Vitoria de Mello Franco, Assistant Director: Priscila Lima, Production Director: Guilherme Bolo, Production Assistant: Alexandre Lessa, Local Producer: Ian Medeiros, Production Assistant: Lucas Beaubernard, Director of Photography: Bernardo Negri, Photo Assistant / Logger: Andre Andrade, Photo / Video Assistant: Fernando Dom, Logger / Editor: João Sucupira, Costume Designer: Luiza Mitidieri, Make-up Artist: Aline Franco, Electrician: Ricardo Francisco Laurindo, Grip: Phabien Silvério Silva, Driver: Lucio Lapis, Colorist: Hebert Marmo",true,duas-da-tarde,2018-10-31 00:00:00,https://i.vimeocdn.com/video/766219307-ba950efe5a8e4a24493074247f3b95a3f067ca8012be828291b1775d83abc0df-d_640?region=us,https://vimeo.com/310158643,true,2025-08-11 18:58:14.299,2025-08-11 18:58:14.299
d7ba0ba4-6e03-466f-bfd2-324386f5f200,Eu Vou Fazer Você Voar,Alceu Valença,Bernardo Valença,Clipe,Cosmo Cine,,"Director: Bernardo Valença, Director of Photography: Bernardo Negri, 1st Assistant Camera: André Andrade, 2st Assistant Camera: Fernando Dom, 3rd Assistant Camera: Bia Torres, Executive Producer: Bernardo Portella, Production Director: Juliana Mansur, Production Assistants:
Alexandre Lessa,
João Kibe,
Heron Soares

, Lighting: Rafael Santana, Finance: Luiza Faria, Costume Designer: Uná Brisa, Editors: João Sucupira, Bernardo Valença, Colorist: André Andrade",true,eu-vou-fazer-voce-voar,2019-11-19 00:00:00,https://i.vimeocdn.com/video/832678241-73934fc8aeec13846f32c4b4aa33bde4158cd036cd78616e8e480bf647fc5a2d-d_295x166?region=us,https://vimeo.com/374280717,true,2025-08-11 22:39:24.781,2025-08-11 22:39:24.781
e1e86fce-acd9-40a2-8eac-1f67792461e7,Hero,Samsung,"Felix Brady ",Publicidade,Cosmo Cine,Stink,Director: Felix Brady,true,hero,2021-08-11 00:00:00,https://i.vimeocdn.com/video/1212419875-493ee4b86ec9409e2e35a497dc3ddbd4b1686c393d37bc8e0d71bdcf0f306987-d_295x166?region=us,https://vimeo.com/585933612,true,2025-08-11 21:51:14.657,2025-08-11 21:51:14.657
e1eafdd5-500a-4e60-9586-9af557e8453e,WR.UP: The Perfect Suit,Freddy,N/A,Publicidade,Cosmo Cine,,,true,wrup-the-perfect-suit,2019-03-05 00:00:00,https://i.vimeocdn.com/video/764280249-efc320ab359453b10d05ec12cc1fe9c3ccb8b1b2af1b0c9fc19916888e038485-d_640?region=us,https://vimeo.com/321545940,true,2025-08-11 19:46:40.381,2025-08-11 19:46:40.381
e2ac8325-4e03-4125-8fec-70f00fbdbf25,Night Lights,Julio Secchin & Maria Luiza Jobim,Julio Secchin,Clipe,Cosmo Cine,,Diretor: Julio Secchin,false,night-lights,2013-09-15 00:00:00,https://i.vimeocdn.com/video/599440717-8f58adfc591310b7202b9fea75291072c58ae1878d6310f0efd9096c717d02ba-d_640?region=us,https://vimeo.com/189187805,true,2025-08-11 06:37:48.688,2025-08-11 06:37:48.688
e98ef96f-aeba-4cd1-b0fa-4382bfa9b7c7,Outubro Rosa,Discovery,Artur Miranda,Publicidade,Cosmo Cine,,"Director & Editor: Artur Miranda; Casting: Alonso Zerbinato; Director of Photography: Daniel Venosa; Camera Assistant: Ricardo Pentagna; Writer: Larissa Machado (Discovery Brasil); Production Supervisor: Gabriela Nogueira (Discovery Brasil); Producer: Bernardo Portella; Production Assistant: Rômulo Gil; Assistant Director: Bianca Frossard; Color Grading & Finishing: Mauro Moreira; Crane Operator: Andre Andrade; Gaffer: Sidão; Assistant Electrician: Leandro Pires; Grip: Carlito; Assistant Grip: Tamar Barreto; Soundtrack: Ricardo AJ ft. Coletivo FDP; Voice Over: Ma Mangaravite, Costume Designer (Interviews): Constanza de Córdova, Location Sound (Interviews): Luiz Henrique Lins Campos; Cast: Alexandra Ucanda, Áurea Daroz, Branca Messina, Carolina Bianchi, Diana Herzog, Flavia Milioni, Jordana Coelho, Julianna Motta, Liliane Rovaris, Tainá Nogueira Ferreira, Vilma Melo & Virgínia Castellões; Make-up Artist: Jorge Henrique Monteiro; Make-up Assistant: Renato",true,outubro-rosa,2016-10-04 00:00:00,https://i.vimeocdn.com/video/595319110-5756367479cec900b77ae3b369796c58b697dcbfb163039d09e51e6b3098925d-d_640?region=us,https://vimeo.com/185542531,true,2025-08-11 06:30:19.907,2025-08-11 06:30:19.907
ef6d4cf5-3ba4-48cc-a740-e04f2963b050,Trabalhabilidade,Unigranrio,Dudu Roquete,Publicidade,Cosmo Cine,DeBrito Propaganda,"Director: Dudu Roquete, Director of Photography: Daniel Venosa, Art Director: Isabel Pedrosa, Costume Designer: Evelyn Branco, Audio Production: Lua Nova, Post-Production: Pedro Conforti",true,trabalhabilidade,2017-07-28 00:00:00,https://i.vimeocdn.com/video/642317483-615dfc6e09c7a0683df9b923b86d0f67664ee0ff93587e1febd932ec6428f211-d_640?region=us,https://vimeo.com/223492050,true,2025-08-11 07:14:22.455,2025-08-11 07:14:22.455
efe8928a-4566-4f4e-bc3e-15c5668bc45a,Chiclete,Philippe Noguchi,Philippe Noguchi,Conteudo,Cosmo Cine,,"Director: Philippe Noguchi, Writers: Philippe Noguchi, Sofia Maria, Producer: Philippe Noguchi, Bernardo Portella, Cast:
Olivia Torres,
Mariah de Moraes,
Indira Nascimento,
Pedro Nercessian",false,chiclete,2019-09-14 00:00:00,https://i.vimeocdn.com/video/783273975-695dc6bf0f7793d4607c088a2cd1f9d37fc78699eff02ef76989308c0574df1c-d_295x166?region=us,https://vimeo.com/336152494,true,2025-08-11 23:14:09.621,2025-08-11 23:14:09.621
f201bffd-f849-4c5f-905b-f811272c1ea0,Move Like It's Summer,Bacardi,Cliqua,Publicidade,Cosmo Cine,Somesuch,Director: Cliqua,true,move-like-its-summer,2022-06-27 00:00:00,https://i.vimeocdn.com/video/1458778932-4a4846ab56d20e5ab29a4bf7372220ed6fd7cc7fc631f2649ce28e92f93841ab-d_295x166?region=us,https://vimeo.com/724495119,true,2025-08-11 21:47:19.725,2025-08-11 21:47:19.725
f2182128-d6e7-4773-9d82-736e0974d374,Copa 2018,Telecine,Tadeu Bijos,Publicidade,Cosmo Cine,,"Director: Tadeu Bijos, Creative Directors: Tadeu Bijos & Daniel Venosa, Assistant Director: Bruno Bennec, Actor: Fábio Guará, Executive Producer / Client Services: Bernardo Portella, Production Director: Guilherme Bolo, Director of Photography: Bernardo Negri, Art Director: João Lobato, Camera Assistants: Julio Finizola & Fernando Dom, Production Assistants: Alexandre Lessa & Luiza Nasseh, Costume Designer: Carol London, Makeup: Adri Rezende",true,copa-2018,2018-05-24 00:00:00,https://i.vimeocdn.com/video/706146746-0b44451a05fc46f3931f947833d95f1c898e73e0c4c5838376824658b8372b5b-d_640?region=us,https://vimeo.com/271760276,true,2025-08-11 07:47:54.316,2025-08-11 07:47:54.316
f3c0b2cb-65d5-48ee-bd89-7972e5215d72,Espelho da Vida,Globo,N/A,Publicidade,Cosmo Cine,,,true,espelho-da-vida,2019-03-21 00:00:00,https://i.vimeocdn.com/video/769572488-f53187df20b08ef268caceec5aecdcdf4c3f0a0a8b5e28c09ca65696067ba8f5-d_640?region=us,https://vimeo.com/325742810,true,2025-08-11 20:01:20.223,2025-08-11 20:01:20.223
f4da4cf5-788f-4d7a-a8f0-cfc7529764b1,Museu do Amanhã,Museu do Amanhã,Breno Moreira,Publicidade,Cosmo Cine,Prefeitura do Rio de Janeiro,"Director: Breno Moreira, Editor: Artur Miranda, Cinematographer: Julio Secchin, Producers: Bernardo Portella & Guilherme Bolo",true,museu-do-amanha,2015-08-07 00:00:00,https://i.vimeocdn.com/video/687198514-29bc271317119eb16df150d65eb3c949d60f61b80212358563187676759383ce-d_640?region=us,https://vimeo.com/138554294,true,2025-08-11 06:13:45.521,2025-08-11 06:13:45.521
f6032a61-d970-4727-a50f-c78e9e7b8d61,Premiere Futebol 2019,Sportv,N/A,Publicidade,Cosmo Cine,Globosat,,true,premiere-futebol-2019,2019-05-13 00:00:00,https://i.vimeocdn.com/video/783527667-589761ca2be225a87deeb994a0cb795441e39bda7d8041cf4c70204d2e0fe700-d_295x166?region=us,https://vimeo.com/335916588,true,2025-08-11 23:16:54.454,2025-08-11 23:16:54.454
f8b258f3-99a3-4505-b8d5-b69727bb956f,Criatividade,Devassa,Doug Bernardt,Publicidade,Cosmo Cine,Stink,Director: Doug Bernardt,true,criatividade,2020-12-18 00:00:00,https://i.vimeocdn.com/video/1018670170-271a3009eeeddfd1773ce1dbb8ae5bc3f004766f324dab8ba8e4d1165aecfb7c-d_295x166?region=us,https://vimeo.com/492647344,true,2025-08-11 22:03:56.817,2025-08-11 22:03:56.817
fa44edc2-2c78-45d0-815c-ade9a1c46660,Pra Gente Acordar,Gilsons,Pedro Alvarenga,Clipe,Cosmo Cine,,"Director: Pedro Alvarenga; Writer: Pedro Alvarenga; Production Director: Guilherme Bolo; Location Production & Casting: Beatriz Torres & Mauricio Fontoura – Tempo Pra Tudo; Creative Producer: Daniel Manzali; Director of Photography: Bernardo Negri, 1st Assistant Camera: Gabriel Moska, 2nd Assistant Camera: Fernando Dom; Steadicam Operator: Bernardo Negri, Still Photography & 2nd Unit Camera: Nino Franco; Location Sound: Victor Brasileiro; Electrician: Carlos Alberto Silva; Key Grip: Edvando Lourinho; Grip Assistant: Fabio Costa; Security: Tom; Driver: Toddy; Editor: Daniel Manzali; Soundtrack: José Gil; Sound Design: Day Out of Time; Graphic Designers: Sebastian Chicchon, Lucas Gini; Color Grading: Bleach – Sergio Pasqualino Jr.; VFX: Noize Graphics, Creative / Strategic Director: Raph Paiva; Production Manager: Beta Reis; Creative Coordinator: Leonardo Louzada; VFX Supervisor: Bernardo Medeiros; Additional VFX: Pedro “TheZakMan” Araujo; Cast: Wesley Guimarães, Pedro de Rosa Morais, Bethe Leal; Narration: Gilberto Gil; Voice: Mãe Carmen do Gantois",true,pra-gente-acordar,2022-06-27 00:00:00,https://i.vimeocdn.com/video/1458836185-e5820b1ad9d9a8ddedf8b63ca1cf963c73c28ac2adcf62ea8d7acc5a17311f18-d_295x166?region=us,https://vimeo.com/724531706,true,2025-08-11 21:41:08.814,2025-08-11 21:41:08.814
fc9edc8f-edb6-4422-a081-ccc645206a0e,Considerações Sobre Fumaça e Musgo,Artur Miranda,Artur Miranda,Conteudo,Cosmo Cine,,"Director: Artur Miranda, Original Story & Screenplay: Artur Miranda, Poetry Voice Over: Clara Abrahim, Producer: Guilherme Meirelles, Director of Photography: Dante Belluti, Art Direction & Costume Design: Carolina Carreteiro, Editor: Artur Miranda, Make-up Artist: Alice Doralice, Assistant Director: Bernardo Portella, VFX Supervisor: Cristiano Maia, Colorist: Hebert Marmo, 1st Camera Assistants: Robson Bolsoni & Bia Mauro, 2nd Camera Assistant: Lucas Nobrega, Steadicam Operator: Tiago Rios, Second Unit: Bernardo Negri, Still Photography & Making-of: Patrick Villela, Production Assistant: Luana Duque, Set Manager: Karina Sant'Anna, Gaffer: André Davi Medeiros, 1st Electrician: Damião Ferreira, Crane Operator: Ary Magalhães, Driver: Lúcio Lapis, Soundtrack: “Tetrishead” & “Optimism” by Zoe Keating, Location Sound: Luiz Henrique Campos, Sound Designer & Mixing: Roger Lima, Motion & Concept Design: HULA (Gustavo Amarante & Filipe Marones)",false,consideracoes-sobre-fumaca-e-musgo,2015-04-18 00:00:00,https://i.vimeocdn.com/video/687198221-ad96a093236a80e97ea015082c7dd0a23d7b3561a1b302b6d976870c754c61e8-d_640?region=us,https://vimeo.com/213699577,true,2025-08-11 07:01:23.44,2025-08-11 07:01:23.44